tau,T,cost_pure_llm_usd,cost_switching_usd,cost_saving_usd,cost_saving_pct,threshold_pct,threshold_score,llm_trials_to_target,switch_trials_to_target,trials_saved,llm_final_score,gp_final_score,switch_final_score,quality_delta,gp_advantage,llm_improvement_after_tau,llm_plateaued,model,dataset,seed,start_idx
1,25,0.0058959999999998,0.000132,0.0057639999999998,97.76119402985066,0.95,0.9309999999999999,1,1,0,0.9733333333333334,0.98,0.98,0.006666666666666599,0.006666666666666599,0.020000000000000018,False,svm,iris,0,0
20,25,0.005821499999998401,0.0045209999999988,0.0013004999999996006,22.339603195052096,0.95,0.9309999999999999,1,1,0,0.9733333333333334,0.98,0.98,0.006666666666666599,0.006666666666666599,0.0,True,svm,iris,0,1
1,25,0.0059324999999998,0.000132,0.0058004999999998,97.77496839443734,0.95,0.9309999999999999,1,1,0,0.96,0.98,0.98,0.020000000000000018,0.020000000000000018,0.0,True,svm,iris,0,2
1,25,0.005906499999999799,0.000132,0.005774499999999799,97.76517396089046,0.95,0.9309999999999999,1,1,0,0.9733333333333334,0.98,0.98,0.006666666666666599,0.006666666666666599,0.020000000000000018,False,svm,iris,1,0
1,25,0.005906499999999799,0.000132,0.005774499999999799,97.76517396089046,0.95,0.9246666666666666,1,1,0,0.9733333333333334,0.9733333333333334,0.9733333333333334,0.0,0.0,0.020000000000000018,False,svm,iris,1,1
2,25,0.0062484999999999,0.0002825,0.0059659999999999,95.47891493958544,0.95,0.9246666666666666,1,1,0,0.9733333333333334,0.9733333333333334,0.9733333333333334,0.0,0.0,0.006666666666666821,False,svm,iris,1,2
12,25,0.0064724999999999,0.0026374999999999,0.0038350000000000003,59.250675936655995,0.95,0.9309999999999999,1,1,0,0.9666666666666668,0.98,0.98,0.013333333333333197,0.013333333333333197,0.0,True,svm,iris,2,0
1,25,0.006114499999999999,0.000132,0.005982499999999999,97.84119715430535,0.95,0.9309999999999999,1,1,0,0.9733333333333334,0.98,0.98,0.006666666666666599,0.006666666666666599,0.01333333333333342,False,svm,iris,2,1
4,25,0.0063794999999999,0.0006265,0.0057529999999999,90.17948115056022,0.95,0.9183333333333334,1,1,0,0.9666666666666668,0.9666666666666668,0.9666666666666668,0.0,0.0,2.220446049250313e-16,True,svm,iris,2,2
23,25,0.006282,0.005718000000000001,0.0005639999999999994,8.97803247373447,0.95,0.9394444444444443,1,1,0,0.9663492063492064,0.9888888888888888,0.9888888888888888,0.022539682539682415,0.022539682539682415,0.0,True,svm,wine,0,0
1,25,0.0062239999999999,0.0001335,0.0060904999999999,97.85507712082259,0.95,0.9394444444444443,1,1,0,0.9663492063492064,0.9888888888888888,0.9888888888888888,0.022539682539682415,0.022539682539682415,0.0,True,svm,wine,0,1
22,25,0.0059294999999997995,0.005128499999999799,0.0008010000000000005,13.508727548697657,0.95,0.9341666666666665,1,1,0,0.972063492063492,0.9833333333333332,0.9833333333333332,0.011269841269841208,0.011269841269841208,0.0,True,svm,wine,0,2
3,25,0.0062239999999999,0.00047899999999989997,0.005745,92.30398457583696,0.95,0.9394444444444443,1,1,0,0.9663492063492064,0.9888888888888888,0.9888888888888888,0.022539682539682415,0.022539682539682415,0.0,True,svm,wine,1,0
1,25,0.0062579999999998,0.0001335,0.0061244999999998,97.86673058485133,0.95,0.9394444444444443,1,1,0,0.9663492063492064,0.9888888888888888,0.9888888888888888,0.022539682539682415,0.022539682539682415,0.0,True,svm,wine,1,1
2,25,0.0062889999999996,0.000287,0.0060019999999996,95.4364763873427,0.95,0.9287380952380951,1,1,0,0.9663492063492064,0.9776190476190476,0.9776190476190476,0.011269841269841208,0.011269841269841208,0.0,True,svm,wine,1,2
23,25,0.0065455,0.005953500000000001,0.0005919999999999988,9.044381636238619,0.95,0.9394444444444443,1,1,0,0.9719047619047618,0.9888888888888888,0.9888888888888888,0.01698412698412699,0.01698412698412699,0.0,True,svm,wine,2,0
1,25,0.005926499999999799,0.000132,0.005794499999999799,97.77271576815988,0.95,0.9341666666666665,1,1,0,0.972063492063492,0.9833333333333332,0.9833333333333332,0.011269841269841208,0.011269841269841208,0.0,True,svm,wine,2,1
13,25,0.006499,0.002977,0.0035219999999999995,54.192952761963376,0.95,0.9394444444444443,1,1,0,0.9719047619047618,0.9888888888888888,0.9888888888888888,0.01698412698412699,0.01698412698412699,0.0,True,svm,wine,2,2
1,25,0.0060609999999999,0.000132,0.0059289999999999,97.82214156079851,0.95,0.9087568864128752,1,1,0,0.9465861962240792,0.9565861962240793,0.9565861962240793,0.010000000000000009,0.010000000000000009,7.73754255645187e-06,True,svm,digits,0,0
16,25,0.0060519999999999,0.0035904999999998998,0.0024615000000000006,40.67250495703968,0.95,0.9082261683689261,1,1,0,0.9465861962240792,0.9560275456515012,0.9560275456515012,0.009441349427421919,0.009441349427421919,0.0,True,svm,digits,0,1
6,25,0.0064619999999999,0.0010630000000000001,0.0053989999999999,83.54998452491463,0.95,0.9018869545032497,1,1,0,0.9465861962240792,0.9493546889507892,0.9493546889507892,0.0027684927267099813,0.0027684927267099813,0.0,True,svm,digits,0,2
1,25,0.0064574999999999,0.000129,0.0063284999999999,98.00232288037164,0.95,0.9098139121015165,1,1,0,0.9465861962240792,0.9576988548437017,0.9576988548437017,0.011112658619622406,0.011112658619622406,7.73754255645187e-06,True,svm,digits,1,0
1,25,0.0064439999999998995,0.000129,0.0063149999999999,97.99813780260705,0.95,0.9092861343237386,1,1,0,0.9465861962240792,0.957143299288146,0.957143299288146,0.010557103064066764,0.010557103064066764,7.73754255645187e-06,True,svm,digits,1,1
2,25,0.0062899999999998,0.0002774999999999,0.0060124999999999,95.58823529411909,0.95,0.9092817239244814,1,1,0,0.947706592386258,0.957138656762612,0.957138656762612,0.009432064376354021,0.009432064376354021,0.0011281337047351903,False,svm,digits,1,2
8,25,0.0060795,0.001538,0.0045414999999999995,74.70186692984619,0.95,0.9082305787681831,1,1,0,0.9476895697926336,0.956032188177035,0.956032188177035,0.008342618384401312,0.008342618384401312,0.0,True,svm,digits,2,0
22,25,0.005959999999999899,0.005158999999999899,0.0008010000000000005,13.439597315436476,0.95,0.909284664190653,1,1,0,0.9465784586815228,0.9571417517796348,0.9571417517796348,0.010563293098111992,0.010563293098111992,0.0,True,svm,digits,2,1
21,25,0.0059789999999999,0.004910999999999899,0.0010680000000000012,17.86251881585581,0.95,0.909284664190653,1,1,0,0.9471340142370784,0.9571417517796348,0.9571417517796348,0.01000773754255635,0.01000773754255635,0.0,True,svm,digits,2,2
16,25,0.0063715,0.003757,0.0026145000000000005,41.03429333751865,0.95,0.9249705014749262,1,1,0,0.9736531594472908,0.9736531594472908,0.9736531594472908,0.0,0.0,0.0,True,svm,breast,0,0
3,25,0.0060194999999996,0.00043649999999989997,0.0055829999999997,92.74856715674179,0.95,0.9316519174041298,1,1,0,0.9631268436578172,0.9806862288464524,0.9806862288464524,0.0175593851886352,0.0175593851886352,0.0,True,svm,breast,0,1
1,25,0.006424499999999901,0.0001305,0.0062939999999999,97.96871351856173,0.95,0.9266519174041298,1,1,0,0.9754230709517157,0.9754075454122032,0.9754075454122032,-1.5525539512450948e-05,-1.5525539512450948e-05,0.012296227293898454,False,svm,breast,0,2
3,25,0.006118499999999901,0.00043650000000000004,0.005681999999999901,92.86589850453531,0.95,0.9299705014749263,1,1,0,0.9631268436578172,0.9789163173420278,0.9789163173420278,0.015789473684210575,0.015789473684210575,0.0,True,svm,breast,1,0
1,25,0.0063269999999999,0.0001305,0.0061964999999999,97.9374110953058,0.95,0.9266666666666665,1,1,0,0.9736531594472908,0.975438596491228,0.975438596491228,0.001785437043937188,0.001785437043937188,0.010526315789473606,False,svm,breast,1,1
2,25,0.006477499999998599,0.00028399999999999996,0.006193499999998599,95.61559243535221,0.95,0.9299705014749263,1,1,0,0.9736531594472908,0.9789163173420278,0.9789163173420278,0.0052631578947369695,0.0052631578947369695,0.0017388604253998352,False,svm,breast,1,2
10,25,0.0065019999999999,0.0021045000000000005,0.0043974999999999,67.63303598892598,0.95,0.9249705014749262,1,1,0,0.9736531594472908,0.9736531594472908,0.9736531594472908,0.0,0.0,0.0,True,svm,breast,2,0
15,25,0.0061335,0.003398499999999999,0.002735000000000001,44.59117958751122,0.95,0.929985250737463,1,1,0,0.9631268436578172,0.97893184288154,0.97893184288154,0.015804999223722804,0.015804999223722804,0.0,True,svm,breast,2,1
16,25,0.0063284999999984005,0.0037499999999993,0.0025784999999991006,40.74425219245875,0.95,0.9299705014749263,1,1,0,0.9631268436578172,0.9789163173420278,0.9789163173420278,0.015789473684210575,0.015789473684210575,0.0,True,svm,breast,2,2
1,25,0.0064059999999996,0.000133,0.0062729999999996,97.92382141742104,0.95,-2799.9087532004087,25,25,0,-3011.883320289924,-2947.272371789904,-2947.272371789904,64.61094850002019,64.61094850002019,580.3536958249142,False,svm,diabetes,0,0
22,25,0.0062509999999999,0.0054004999999998984,0.0008505000000000014,13.605823068309311,0.95,-2835.402472809078,25,25,0,-2984.6341819042927,-3011.725923892881,-2984.6341819042927,0.0,-27.091741988588183,0.0,True,svm,diabetes,0,1
25,25,0.006402999999999601,0.006402999999999601,0.0,0.0,0.95,-2784.451808898975,25,25,0,-3011.883320289924,-2931.001904104184,-3011.883320289924,0.0,80.88141618573991,0.0,True,svm,diabetes,0,2
1,25,0.0059059999999997,0.000133,0.005772999999999699,97.7480528276328,0.95,-2793.209406762086,25,25,0,-3443.5358320642044,-2940.220428170617,-2940.220428170617,503.31540389358724,503.31540389358724,148.70118405063386,False,svm,diabetes,1,0
1,25,0.0063194999999996995,0.000133,0.006186499999999699,97.89540311733514,0.95,-2764.2532905175735,25,25,0,-3011.883320289924,-2909.740305807972,-2909.740305807972,102.14301448195192,102.14301448195192,580.3536958249142,False,svm,diabetes,1,1
2,25,0.0064059999999996,0.00028,0.0061259999999996005,95.6290977208864,0.95,-2802.6566660770536,25,25,0,-3011.883320289924,-2950.1649116600565,-2950.1649116600565,61.718408629867554,61.718408629867554,580.3536958249142,False,svm,diabetes,1,2
9,25,0.006265999999999899,0.0017389999999999,0.004527,72.24704755825204,0.95,-2770.634460760905,25,25,0,-2984.6341819042927,-2916.457327116742,-2916.457327116742,68.17685478755084,68.17685478755084,0.0,True,svm,diabetes,2,0
1,25,0.0060889999999997006,0.000133,0.0059559999999997,97.8157332895384,0.95,-2795.636897630645,25,25,0,-3244.1732481020445,-2942.7756817164686,-2942.7756817164686,301.39756638557583,301.39756638557583,348.06376801279384,False,svm,diabetes,2,1
3,25,0.0062329999999999,0.00044300000000000003,0.0057899999999999,92.89266805711524,0.95,-2835.402472809078,25,25,0,-2984.6341819042927,-3190.5953418992817,-2984.6341819042927,0.0,-205.96115999498898,0.0,True,svm,diabetes,2,2
1,25,0.0060239999999996,0.0001335,0.0058904999999996,97.78386454183253,0.95,-19.71769208955548,25,25,0,-32.91798906449618,-20.75546535742682,-20.75546535742682,12.162523707069361,12.162523707069361,49.566687233050644,False,svm,boston,0,0
4,25,0.0060614999999997,0.000621,0.0054404999999997,89.75501113585695,0.95,-20.402741275040796,25,25,0,-32.91798906449618,-21.47656976320084,-21.47656976320084,11.441419301295344,11.441419301295344,10.239960477606665,False,svm,boston,0,1
7,25,0.006019999999999999,0.001212,0.004808,79.86710963455151,0.95,-20.118500238494203,25,25,0,-32.91798906449618,-21.177368672099163,-21.177368672099163,11.74062039239702,11.74062039239702,10.239960477606665,False,svm,boston,0,2
1,25,0.0060149999999996005,0.0001335,0.005881499999999601,97.78054862842879,0.95,-20.136580326806573,25,25,0,-32.91798906449618,-21.19640034400692,-21.19640034400692,11.721588720489262,11.721588720489262,49.56668723303268,False,svm,boston,1,0
1,25,0.0060149999999997,0.0001335,0.0058814999999997,97.78054862842883,0.95,-20.407326360459507,25,25,0,-32.91798906449618,-21.481396168904745,-21.481396168904745,11.436592895591438,11.436592895591438,49.566687233050644,False,svm,boston,1,1
2,25,0.0060565,0.0002805,0.005776,95.36861223478907,0.95,-20.254158728378876,25,25,0,-30.98665618577197,-21.32016708250408,-21.32016708250408,9.666489103267889,9.666489103267889,51.498020111756894,False,svm,boston,1,2
3,25,0.0061549999999999,0.000441,0.0057139999999999,92.83509341998362,0.95,-20.512189296936562,25,25,0,-32.91798906449618,-21.591778207301644,-21.591778207301644,11.326210857194539,11.326210857194539,49.566687233050644,False,svm,boston,2,0
1,25,0.0060564999999998,0.0001335,0.0059229999999998,97.79575662511344,0.95,-20.25605588695253,25,25,0,-32.91798906449618,-21.322164091528983,-21.322164091528983,11.5958249729672,11.5958249729672,49.56668723303268,False,svm,boston,2,1
12,25,0.006134,0.0025495,0.0035844999999999996,58.43658298011085,0.95,-19.74168351680304,25,25,0,-24.88811209714948,-20.78071949137162,-20.78071949137162,4.107392605777861,4.107392605777861,0.0,True,svm,boston,2,2
24,25,0.0077399999999998,0.0073874999999998,0.0003525000000000004,4.5542635658915955,0.95,0.9183333333333334,1,1,0,0.9333333333333332,0.9666666666666668,0.9666666666666668,0.03333333333333355,0.03333333333333355,0.0,True,dt,iris,0,0
18,25,0.0079619999999998,0.005413999999999799,0.0025480000000000017,32.00200954534118,0.95,0.9183333333333334,1,1,0,0.9600000000000002,0.9666666666666668,0.9666666666666668,0.006666666666666599,0.006666666666666599,0.0,True,dt,iris,0,1
1,25,0.0079619999999998,0.000159,0.0078029999999998005,98.00301431801049,0.95,0.9183333333333334,1,1,0,0.9600000000000002,0.9666666666666668,0.9666666666666668,0.006666666666666599,0.006666666666666599,0.0,True,dt,iris,0,2
22,25,0.0079619999999998,0.006869999999999798,0.0010920000000000027,13.715146948003392,0.95,0.9183333333333334,1,1,0,0.9600000000000002,0.9666666666666668,0.9666666666666668,0.006666666666666599,0.006666666666666599,0.0,True,dt,iris,1,0
1,25,0.0077399999999998,0.0001574999999999,0.0075824999999999,97.96511627907101,0.95,0.9183333333333334,1,1,0,0.9333333333333332,0.9666666666666668,0.9666666666666668,0.03333333333333355,0.03333333333333355,0.0,True,dt,iris,1,1
9,25,0.0077399999999998,0.0021194999999998,0.0056205000000000005,72.61627906976932,0.95,0.9183333333333334,1,1,0,0.9333333333333332,0.9666666666666668,0.9666666666666668,0.03333333333333355,0.03333333333333355,0.0,True,dt,iris,1,2
19,25,0.0079619999999998,0.005777999999999799,0.002184000000000002,27.43029389600674,0.95,0.9183333333333334,1,1,0,0.9600000000000002,0.9666666666666668,0.9666666666666668,0.006666666666666599,0.006666666666666599,0.0,True,dt,iris,2,0
1,25,0.0077399999999998,0.0001574999999999,0.0075824999999999,97.96511627907101,0.95,0.9183333333333334,1,1,0,0.9333333333333332,0.9666666666666668,0.9666666666666668,0.03333333333333355,0.03333333333333355,0.0,True,dt,iris,2,1
2,25,0.0077399999999998,0.0003344999999999,0.0074054999999999,95.67829457364459,0.95,0.9183333333333334,1,1,0,0.9333333333333332,0.9666666666666668,0.9666666666666668,0.03333333333333355,0.03333333333333355,0.0,True,dt,iris,2,2
25,25,0.0079619999999998,0.0079619999999998,0.0,0.0,0.95,0.854547619047619,1,1,0,0.8876190476190475,0.8995238095238095,0.8876190476190475,0.0,0.011904761904761973,0.0,True,dt,wine,0,0
9,25,0.0077399999999998,0.0021194999999998,0.0056205000000000005,72.61627906976932,0.95,0.854547619047619,25,10,15,0.7980952380952381,0.8995238095238095,0.8995238095238095,0.10142857142857142,0.10142857142857142,0.0,True,dt,wine,0,1
14,25,0.0079619999999998,0.0039579999999998,0.004004000000000001,50.28887214267899,0.95,0.854547619047619,1,1,0,0.8876190476190475,0.8995238095238095,0.8995238095238095,0.011904761904761973,0.011904761904761973,0.0,True,dt,wine,0,2
1,25,0.0077399999999998,0.0001574999999999,0.0075824999999999,97.96511627907101,0.95,0.8702301587301586,25,3,22,0.7980952380952381,0.916031746031746,0.916031746031746,0.1179365079365079,0.1179365079365079,0.0,True,dt,wine,1,0
1,25,0.0077399999999998,0.0001574999999999,0.0075824999999999,97.96511627907101,0.95,0.854547619047619,25,2,23,0.7980952380952381,0.8995238095238095,0.8995238095238095,0.10142857142857142,0.10142857142857142,0.0,True,dt,wine,1,1
23,25,0.0077399999999998,0.007034999999999803,0.0007049999999999973,9.108527131783147,0.95,0.854547619047619,25,24,1,0.7980952380952381,0.8995238095238095,0.8995238095238095,0.10142857142857142,0.10142857142857142,0.0,True,dt,wine,1,2
23,25,0.0079619999999998,0.007233999999999798,0.000728000000000003,9.143431298668942,0.95,0.848515873015873,1,1,0,0.8876190476190475,0.8931746031746032,0.8931746031746032,0.005555555555555647,0.005555555555555647,0.0,True,dt,wine,2,0
6,25,0.0079619999999998,0.0012559999999999,0.006705999999999901,84.22506907812193,0.95,0.854547619047619,1,1,0,0.8876190476190475,0.8995238095238095,0.8995238095238095,0.011904761904761973,0.011904761904761973,0.0,True,dt,wine,2,1
1,25,0.0079619999999998,0.000159,0.0078029999999998005,98.00301431801049,0.95,0.8702301587301586,1,1,0,0.8876190476190475,0.916031746031746,0.916031746031746,0.028412698412698445,0.028412698412698445,0.0,True,dt,wine,2,2
25,25,0.0079619999999998,0.0079619999999998,0.0,0.0,0.95,0.7459808108944599,1,1,0,0.7852429588362736,0.7852429588362736,0.7852429588362736,0.0,0.0,0.0,True,dt,digits,0,0
17,25,0.0079619999999998,0.0050499999999997994,0.0029120000000000014,36.57372519467564,0.95,0.7459837511606313,1,1,0,0.7852429588362736,0.7852460538532962,0.7852460538532962,3.095017022558544e-06,3.095017022558544e-06,0.0,True,dt,digits,0,1
15,25,0.0079619999999998,0.0043219999999998,0.003640000000000001,45.71715649334454,0.95,0.7465115289384092,1,1,0,0.7852429588362736,0.7858016094088518,0.7858016094088518,0.0005586505725782009,0.0005586505725782009,0.0,True,dt,digits,0,2
11,25,0.0079619999999998,0.0028659999999997997,0.005096000000000002,64.00401909068235,0.95,0.7459808108944599,1,1,0,0.7852429588362736,0.7696595481275147,0.7852429588362736,0.0,-0.015583410708758905,0.0,True,dt,digits,1,0
1,25,0.0077399999999998,0.0001574999999999,0.0075824999999999,97.96511627907101,0.95,0.7465115289384092,25,3,22,0.1012813370473537,0.7858016094088518,0.7858016094088518,0.684520272361498,0.684520272361498,0.0,True,dt,digits,1,1
14,25,0.0079619999999998,0.0039579999999998,0.004004000000000001,50.28887214267899,0.95,0.7502045032497678,1,1,0,0.7852429588362736,0.7896889507892293,0.7896889507892293,0.004445991952955697,0.004445991952955697,0.0,True,dt,digits,1,2
17,25,0.0079619999999998,0.0050499999999997994,0.0029120000000000014,36.57372519467564,0.95,0.7459808108944599,1,1,0,0.7852429588362736,0.7780114515629836,0.7852429588362736,0.0,-0.007231507273290028,0.0,True,dt,digits,2,0
24,25,0.0079619999999998,0.0075979999999998,0.0003640000000000006,4.571715649334459,0.95,0.7459808108944599,1,1,0,0.7852429588362736,0.7769018879603837,0.7852429588362736,0.0,-0.008341070875889867,0.0,True,dt,digits,2,1
2,25,0.0077399999999998,0.0003344999999999,0.0074054999999999,95.67829457364459,0.95,0.7396327762302692,25,3,22,0.1012813370473537,0.778560817084494,0.778560817084494,0.6772794800371402,0.6772794800371402,0.0,True,dt,digits,2,2
9,25,0.0079619999999998,0.0021604999999997997,0.005801500000000001,72.86485807586217,0.95,0.888230088495575,1,1,0,0.9173730787144851,0.934979040521658,0.934979040521658,0.017605961807172887,0.017605961807172887,0.0,True,dt,breast,0,0
24,25,0.0079619999999998,0.0075979999999998,0.0003640000000000006,4.571715649334459,0.95,0.8915486725663718,1,1,0,0.9173730787144851,0.9384722869119704,0.9384722869119704,0.02109920819748523,0.02109920819748523,0.0,True,dt,breast,0,1
1,25,0.0079619999999998,0.000159,0.0078029999999998005,98.00301431801049,0.95,0.8932153392330383,1,1,0,0.9173730787144851,0.9402266728768824,0.9402266728768824,0.022853594162397295,0.022853594162397295,0.0,True,dt,breast,0,2
3,25,0.0079619999999998,0.0005359999999999,0.0074259999999999006,93.2680231097725,0.95,0.8915781710914453,1,1,0,0.9173730787144851,0.9385033379909952,0.9385033379909952,0.02113025927651002,0.02113025927651002,0.0,True,dt,breast,1,0
1,25,0.0079724999999999,0.000159,0.0078134999999999,98.00564440263403,0.95,0.8865634218289083,1,1,0,0.9173730787144851,0.9332246545567456,0.9332246545567456,0.01585157584226049,0.01585157584226049,0.0,True,dt,breast,1,1
6,25,0.0079619999999998,0.0012559999999999,0.006705999999999901,84.22506907812193,0.95,0.8865634218289083,1,1,0,0.9173730787144851,0.9332246545567456,0.9332246545567456,0.01585157584226049,0.01585157584226049,0.0,True,dt,breast,1,2
25,25,0.0079619999999998,0.0079619999999998,0.0,0.0,0.95,0.8932153392330383,1,1,0,0.9173730787144851,0.9402266728768824,0.9173730787144851,0.0,0.022853594162397295,0.0,True,dt,breast,2,0
4,25,0.0079619999999998,0.0007554999999998999,0.0072064999999999005,90.5111780959568,0.95,0.8865634218289083,1,1,0,0.9173730787144851,0.9332246545567456,0.9332246545567456,0.01585157584226049,0.01585157584226049,0.0,True,dt,breast,2,1
1,25,0.0079619999999998,0.000159,0.0078029999999998005,98.00301431801049,0.95,0.8898967551622419,1,1,0,0.9173730787144851,0.9367334264865704,0.9367334264865704,0.019360347772085285,0.019360347772085285,0.0,True,dt,breast,2,2
1,25,0.0080949999999998,0.00016,0.0079349999999998,98.02347127856696,0.95,-3557.496165364132,25,25,0,-6377.92551072523,-3744.732805646455,-3744.732805646455,2633.1927050787754,2633.1927050787754,0.0,True,dt,diabetes,0,0
1,25,0.0078739999999998,0.00016,0.007713999999999799,97.96799593599181,0.95,-3562.3276115863678,25,25,0,-6356.9569872105885,-3749.8185385119664,-3749.8185385119664,2607.138448698622,2607.138448698622,20.968523514641674,False,dt,diabetes,0,1
1,25,0.0080949999999998,0.00016,0.0079349999999998,98.02347127856696,0.95,-3601.723052047522,25,25,0,-6377.92551072523,-3791.287423207918,-3791.287423207918,2586.638087517312,2586.638087517312,0.0,True,dt,diabetes,0,2
1,25,0.0078739999999998,0.00016,0.007713999999999799,97.96799593599181,0.95,-3602.2318050928493,25,25,0,-6356.9569872105885,-3791.822952729315,-3791.822952729315,2565.1340344812734,2565.1340344812734,20.968523514641674,False,dt,diabetes,1,0
1,25,0.0080949999999998,0.00016,0.0079349999999998,98.02347127856696,0.95,-3557.496165364132,25,25,0,-6377.92551072523,-3744.732805646455,-3744.732805646455,2633.1927050787754,2633.1927050787754,0.0,True,dt,diabetes,1,1
5,25,0.0080949999999998,0.0010099999999999,0.0070849999999999,87.52316244595522,0.95,-3563.536117121712,25,25,0,-6377.92551072523,-3751.090649601802,-3751.090649601802,2626.8348611234283,2626.8348611234283,0.0,True,dt,diabetes,1,2
1,25,0.0080949999999998,0.00016,0.0079349999999998,98.02347127856696,0.95,-3563.536117121712,25,25,0,-6377.92551072523,-3751.090649601802,-3751.090649601802,2626.8348611234283,2626.8348611234283,0.0,True,dt,diabetes,2,0
2,25,0.0080949999999998,0.0003409999999999,0.0077539999999999,95.78752316244709,0.95,-3544.238127429429,25,25,0,-6377.92551072523,-3730.776976241504,-3730.776976241504,2647.148534483726,2647.148534483726,0.0,True,dt,diabetes,2,1
1,25,0.0080949999999998,0.00016,0.0079349999999998,98.02347127856696,0.95,-3563.536117121712,25,25,0,-6377.92551072523,-3751.090649601802,-3751.090649601802,2626.8348611234283,2626.8348611234283,0.0,True,dt,diabetes,2,2
23,25,0.0080099999999998,0.007278999999999803,0.0007309999999999973,9.126092384519543,0.95,-25.581098885525527,25,25,0,-36.43468938070278,-26.927472511079504,-26.927472511079504,9.507216869623274,9.507216869623274,0.0,True,dt,boston,0,0
1,25,0.007788999999999701,0.0001605,0.007628499999999701,97.9394017203748,0.95,-28.238198947982063,25,25,0,-34.45005911745216,-29.72441994524428,-29.72441994524428,4.7256391722078845,4.7256391722078845,1.9846302632506152,False,dt,boston,0,1
1,25,0.007788999999999701,0.0001605,0.007628499999999701,97.9394017203748,0.95,-26.969487998047963,25,25,0,-34.45005911745216,-28.38893473478733,-28.38893473478733,6.061124382664833,6.061124382664833,1.9846302632506152,False,dt,boston,0,2
1,25,0.007788999999999701,0.0001605,0.007628499999999701,97.9394017203748,0.95,-28.238198947982063,25,25,0,-34.45005911745216,-29.72441994524428,-29.72441994524428,4.7256391722078845,4.7256391722078845,1.9846302632506152,False,dt,boston,1,0
2,25,0.007788999999999701,0.0003399999999999,0.0074489999999998,95.63486968802268,0.95,-25.417705044919483,25,25,0,-34.45005911745216,-26.755478994652087,-26.755478994652087,7.694580122800076,7.694580122800076,0.0,True,dt,boston,1,1
4,25,0.0080099999999998,0.0007649999999999,0.0072449999999999,90.4494382022482,0.95,-29.116938536829167,25,25,0,-36.43468938070278,-30.649408986135967,-30.649408986135967,5.785280394566811,5.785280394566811,0.0,True,dt,boston,1,2
1,25,0.007788999999999701,0.0001605,0.007628499999999701,97.9394017203748,0.95,-28.238198947982063,25,25,0,-34.45005911745216,-29.72441994524428,-29.72441994524428,4.7256391722078845,4.7256391722078845,1.9846302632506152,False,dt,boston,2,0
5,25,0.007788999999999701,0.0009954999999998,0.0067934999999999,87.21915521890051,0.95,-27.718205877602905,25,25,0,-34.45005911745216,-29.177058818529375,-29.177058818529375,5.273000298922788,5.273000298922788,0.0,True,dt,boston,2,1
1,25,0.007788999999999701,0.0001605,0.007628499999999701,97.9394017203748,0.95,-28.639824643363514,25,25,0,-34.45005911745216,-30.147183835119492,-30.147183835119492,4.302875282332671,4.302875282332671,1.9846302632506152,False,dt,boston,2,2
8,25,0.0074919999999999,0.0017379999999999,0.005754,76.80192205018788,0.95,0.9183333333333334,1,1,0,0.96,0.9666666666666668,0.9666666666666668,0.006666666666666821,0.006666666666666821,0.0,True,rf,iris,0,0
1,25,0.007518999999999901,0.0001525,0.007366499999999901,97.97180476127141,0.95,0.9183333333333334,1,1,0,0.96,0.9666666666666668,0.9666666666666668,0.006666666666666821,0.006666666666666821,0.0,True,rf,iris,0,1
20,25,0.007483499999999901,0.0057689999999999,0.0017145000000000007,22.910402886350283,0.95,0.9183333333333334,1,1,0,0.96,0.9666666666666668,0.9666666666666668,0.006666666666666821,0.006666666666666821,0.0,True,rf,iris,0,2
1,25,0.0075194999999999,0.0001525,0.0073669999999999005,97.97193962364516,0.95,0.9183333333333334,1,1,0,0.96,0.9666666666666668,0.9666666666666668,0.006666666666666821,0.006666666666666821,0.0,True,rf,iris,1,0
9,25,0.0075284999999999,0.0020384999999998998,0.00549,72.92289300657599,0.95,0.9183333333333334,1,1,0,0.96,0.9666666666666668,0.9666666666666668,0.006666666666666821,0.006666666666666821,0.0,True,rf,iris,1,1
1,25,0.007501499999999901,0.0001525,0.007348999999999901,97.96707325201625,0.95,0.9183333333333334,1,1,0,0.96,0.9666666666666668,0.9666666666666668,0.006666666666666821,0.006666666666666821,0.0,True,rf,iris,1,2
1,25,0.007501999999999899,0.0001525,0.0073494999999998995,97.96720874433483,0.95,0.9183333333333334,1,1,0,0.96,0.9666666666666668,0.9666666666666668,0.006666666666666821,0.006666666666666821,0.0,True,rf,iris,2,0
9,25,0.007501499999999901,0.0020384999999998998,0.005463000000000001,72.82543491301838,0.95,0.9183333333333334,1,1,0,0.96,0.9666666666666668,0.9666666666666668,0.006666666666666821,0.006666666666666821,0.0,True,rf,iris,2,1
2,25,0.0074829999999999,0.0003234999999999,0.0071595,95.6768675664853,0.95,0.9183333333333334,1,1,0,0.96,0.9666666666666668,0.9666666666666668,0.006666666666666821,0.006666666666666821,0.0,True,rf,iris,2,2
7,25,0.0075114999999999,0.0014559999999999,0.0060555,80.61638820475379,0.95,0.9236111111111108,1,1,0,0.9553968253968254,0.972222222222222,0.972222222222222,0.016825396825396632,0.016825396825396632,0.0,True,rf,wine,0,0
12,25,0.007527999999999901,0.0030324999999999,0.004495500000000001,59.71705632306137,0.95,0.9341666666666665,1,1,0,0.9553968253968254,0.9833333333333332,0.9833333333333332,0.027936507936507815,0.027936507936507815,0.0,True,rf,wine,0,1
2,25,0.0075019999999999,0.0003234999999999,0.0071785,95.687816582246,0.95,0.9341666666666665,1,1,0,0.9553968253968254,0.9833333333333332,0.9833333333333332,0.027936507936507815,0.027936507936507815,0.0,True,rf,wine,0,2
1,25,0.0075474999999999,0.0001525,0.0073949999999999,97.97946339847628,0.95,0.9341666666666665,1,1,0,0.9553968253968254,0.9833333333333332,0.9833333333333332,0.027936507936507815,0.027936507936507815,0.0,True,rf,wine,1,0
2,25,0.0075204999999999,0.0003234999999999,0.007196999999999999,95.69842430689575,0.95,0.9341666666666665,1,1,0,0.9553968253968254,0.9833333333333332,0.9833333333333332,0.027936507936507815,0.027936507936507815,0.0,True,rf,wine,1,1
1,25,0.0075194999999998995,0.0001525,0.0073669999999999,97.97193962364516,0.95,0.9287380952380951,1,1,0,0.9553968253968254,0.9776190476190476,0.9776190476190476,0.022222222222222254,0.022222222222222254,0.0,True,rf,wine,1,2
1,25,0.0074744999999999005,0.0001525,0.007321999999999901,97.95972974780919,0.95,0.9341666666666665,1,1,0,0.9553968253968254,0.9833333333333332,0.9833333333333332,0.027936507936507815,0.027936507936507815,0.0,True,rf,wine,2,0
3,25,0.007502499999999901,0.0005129999999999,0.006989500000000001,93.16227924025449,0.95,0.9341666666666665,1,1,0,0.9553968253968254,0.9833333333333332,0.9833333333333332,0.027936507936507815,0.027936507936507815,0.0,True,rf,wine,2,1
2,25,0.0074929999999999,0.0003234999999999,0.0071695,95.68263712798739,0.95,0.9341666666666665,1,1,0,0.9553968253968254,0.9833333333333332,0.9833333333333332,0.027936507936507815,0.027936507936507815,0.0,True,rf,wine,2,2
24,25,0.0075109999999999,0.0071644999999999,0.0003464999999999996,4.613233923578807,0.95,0.8934513308573195,1,1,0,0.91264933457134,0.940475085112968,0.940475085112968,0.027825750541627947,0.027825750541627947,0.0,True,rf,digits,0,0
1,25,0.0074839999999999,0.0001525,0.0073314999999999,97.96231961517903,0.95,0.8997920148560816,1,1,0,0.91264933457134,0.9471494893221912,0.9471494893221912,0.03450015475085122,0.03450015475085122,0.0,True,rf,digits,0,1
10,25,0.0074924999999999,0.0023664999999999,0.005126,68.415081748416,0.95,0.8950376044568243,1,1,0,0.91264933457134,0.9421448467966572,0.9421448467966572,0.02949551222531721,0.02949551222531721,0.0,True,rf,digits,0,2
5,25,0.0074924999999999,0.0009474999999999,0.0065450000000000005,87.35402068735519,0.95,0.8992671773444754,1,1,0,0.91264933457134,0.9465970287836584,0.9465970287836584,0.03394769421231836,0.03394769421231836,0.0,True,rf,digits,1,0
2,25,0.007501999999999899,0.0003234999999999,0.007178499999999999,95.687816582246,0.95,0.8976809037449704,1,1,0,0.91264933457134,0.944927267099969,0.944927267099969,0.03227793252862898,0.03227793252862898,0.0,True,rf,digits,1,1
1,25,0.0074929999999999,0.0001525,0.0073404999999999,97.96476711597488,0.95,0.8929191426802847,1,1,0,0.91264933457134,0.9399148870318786,0.9399148870318786,0.027265552460538633,0.027265552460538633,0.0,True,rf,digits,1,2
1,25,0.0074834999999999,0.0001525,0.0073309999999999,97.9621834703013,0.95,0.8913313989476941,1,1,0,0.91264933457134,0.938243577839678,0.938243577839678,0.025594243268338035,0.025594243268338035,0.0,True,rf,digits,2,0
3,25,0.0075194999999999,0.0005129999999999,0.007006500000000001,93.17773788150933,0.95,0.8987335190343547,1,1,0,0.91264933457134,0.9460352831940576,0.9460352831940576,0.0333859486227176,0.0333859486227176,0.0,True,rf,digits,2,1
2,25,0.007483499999999901,0.0003234999999999,0.0071600000000000006,95.67715641077164,0.95,0.8950317239244816,1,1,0,0.91264933457134,0.9421386567626122,0.9421386567626122,0.029489322191272205,0.029489322191272205,0.0,True,rf,digits,2,2
10,25,0.0074199999999999,0.0023574999999998996,0.0050625,68.22776280323542,0.95,0.9149705014749263,1,1,0,0.9631268436578172,0.9631268436578172,0.9631268436578172,0.0,0.0,0.0,True,rf,breast,0,0
25,25,0.0074204999999999,0.0074204999999999,0.0,0.0,0.95,0.9183038348082596,1,1,0,0.9631268436578172,0.9666356155876418,0.9631268436578172,0.0,0.0035087719298245723,0.0,True,rf,breast,0,1
25,25,0.0074204999999999,0.0074204999999999,0.0,0.0,0.95,0.9183185840707963,1,1,0,0.9631268436578172,0.966651141127154,0.9631268436578172,0.0,0.003524297469336801,0.0,True,rf,breast,0,2
25,25,0.0074199999999999,0.0074199999999999,0.0,0.0,0.95,0.9149705014749263,1,1,0,0.9631268436578172,0.9631268436578172,0.9631268436578172,0.0,0.0,0.0,True,rf,breast,1,0
2,25,0.007420999999999901,0.0003234999999999,0.0070975000000000005,95.6407492251731,0.95,0.9216519174041298,1,1,0,0.9631268436578172,0.9701599130569788,0.9701599130569788,0.007033069399161596,0.007033069399161596,0.0,True,rf,breast,1,1
1,25,0.007429499999999901,0.0001525,0.007276999999999901,97.94737196311996,0.95,0.9149999999999998,1,1,0,0.9631268436578172,0.963157894736842,0.963157894736842,3.105107902479087e-05,3.105107902479087e-05,0.0,True,rf,breast,1,2
1,25,0.0074384999999999,0.0001525,0.0072859999999999,97.9498554816159,0.95,0.9149705014749263,1,1,0,0.9631268436578172,0.9613569321533924,0.9631268436578172,0.0,-0.0017699115044248481,0.0,True,rf,breast,2,0
9,25,0.007428999999999899,0.0020384999999998998,0.0053904999999999995,72.56023690941005,0.95,0.9149852507374632,1,1,0,0.9631268436578172,0.9631423691973297,0.9631423691973297,1.5525539512450948e-05,1.5525539512450948e-05,0.0,True,rf,breast,2,1
25,25,0.007420999999999901,0.007420999999999901,0.0,0.0,0.95,0.9166224188790559,1,1,0,0.9631268436578172,0.9648657040832168,0.9631268436578172,0.0,0.0017388604253996132,0.0,True,rf,breast,2,2
25,25,0.007542500000000001,0.007542500000000001,0.0,0.0,0.95,-3018.2353051858804,25,25,0,-3333.116549927477,-3177.089794932506,-3333.116549927477,0.0,156.02675499497127,0.0,True,rf,diabetes,0,0
19,25,0.007542500000000001,0.0054815,0.0020610000000000003,27.325157441166724,0.95,-3012.9142785394993,25,25,0,-3333.116549927477,-3171.4887142521047,-3171.4887142521047,161.62783567537235,161.62783567537235,0.0,True,rf,diabetes,0,1
9,25,0.007542500000000001,0.0020654999999999996,0.005477000000000001,72.61518064302288,0.95,-3062.999202357107,25,25,0,-3333.116549927477,-3224.209686691692,-3224.209686691692,108.9068632357853,108.9068632357853,0.0,True,rf,diabetes,0,2
25,25,0.007542500000000001,0.007542500000000001,0.0,0.0,0.95,-3016.0726755555734,25,25,0,-3333.116549927477,-3174.813342690077,-3333.116549927477,0.0,158.30320723739987,0.0,True,rf,diabetes,1,0
2,25,0.007551500000000001,0.000326,0.007225500000000001,95.68297689200821,0.95,-3012.5085472909295,25,25,0,-3333.116549927477,-3171.061628727294,-3171.061628727294,162.0549212001829,162.0549212001829,0.0,True,rf,diabetes,1,1
1,25,0.007542500000000001,0.0001535,0.007389000000000001,97.96486576068943,0.95,-3026.3965459340193,25,25,0,-3333.116549927477,-3185.680574667389,-3185.680574667389,147.43597526008807,147.43597526008807,0.0,True,rf,diabetes,1,2
1,25,0.007542500000000001,0.0001535,0.007389000000000001,97.96486576068943,0.95,-3005.2795767607313,25,25,0,-3333.116549927477,-3163.452186063928,-3163.452186063928,169.66436386354917,169.66436386354917,0.0,True,rf,diabetes,2,0
12,25,0.007542500000000001,0.003077,0.004465500000000001,59.204507789194565,0.95,-3011.179933775899,25,25,0,-3333.116549927477,-3169.663088185157,-3169.663088185157,163.4534617423201,163.4534617423201,0.0,True,rf,diabetes,2,1
11,25,0.007542500000000001,0.0027335,0.004809000000000001,63.75870069605569,0.95,-3023.3750093506915,25,25,0,-3333.116549927477,-3182.500009842833,-3182.500009842833,150.61654008464393,150.61654008464393,0.0,True,rf,diabetes,2,2
11,25,0.007603999999999799,0.0027319999999998,0.004872,64.07154129405745,0.95,-18.606368372542963,25,25,0,-20.62478230893966,-19.58565091846628,-19.58565091846628,1.0391313904733828,1.0391313904733828,0.0,True,rf,boston,0,0
11,25,0.0076129999999998,0.0027409999999998,0.004872,63.995796663603414,0.95,-18.05843184012319,25,25,0,-20.62478230893966,-19.00887562118231,-19.00887562118231,1.6159066877573522,1.6159066877573522,0.0,True,rf,boston,0,1
2,25,0.0076034999999998,0.00032649999999999997,0.007276999999999799,95.70592490300507,0.95,-19.145118572087494,25,25,0,-20.62478230893966,-20.152756391671048,-20.152756391671048,0.4720259172686134,0.4720259172686134,0.0,True,rf,boston,0,2
11,25,0.0076044999999999,0.0027324999999999,0.0048720000000000005,64.06732855546143,0.95,-18.50817998764702,25,25,0,-20.62478230893965,-19.48229472383897,-19.48229472383897,1.1424875851006817,1.1424875851006817,0.0,True,rf,boston,1,0
2,25,0.007613499999999901,0.00032649999999999997,0.007286999999999901,95.71156498325338,0.95,-18.00423567245899,25,25,0,-20.62478230893966,-18.95182702364104,-18.95182702364104,1.6729552852986203,1.6729552852986203,0.0,True,rf,boston,1,1
1,25,0.0076044999999999,0.000154,0.007450499999999901,97.97488329278715,0.95,-18.53119812209385,25,25,0,-20.62478230893966,-19.50652433904616,-19.50652433904616,1.1182579698935022,1.1182579698935022,3.552713678800501e-15,True,rf,boston,1,2
1,25,0.007613499999999901,0.000154,0.007459499999999901,97.97727720496485,0.95,-19.06792115174295,25,25,0,-20.62478230893966,-20.071495949203108,-20.071495949203108,0.5532863597365534,0.5532863597365534,0.0,True,rf,boston,2,0
15,25,0.007613499999999901,0.0041334999999999,0.0034800000000000005,45.708281342353,0.95,-17.94904560694288,25,25,0,-20.62478230893966,-18.893732217834614,-18.893732217834614,1.7310500911050468,1.7310500911050468,0.0,True,rf,boston,2,1
8,25,0.007613499999999901,0.0017784999999999,0.005835000000000001,76.64017863006603,0.95,-18.343551700593654,25,25,0,-20.62478230893966,-19.309001790098584,-19.309001790098584,1.315780518841077,1.315780518841077,0.0,True,rf,boston,2,2
19,25,0.007959999999999799,0.0057984999999998,0.0021614999999999985,27.154522613065993,0.95,0.9183333333333334,25,20,5,0.8200000000000001,0.9666666666666668,0.9666666666666668,0.14666666666666672,0.14666666666666672,0.0,True,mlp,iris,0,0
22,25,0.007961999999999799,0.006881999999999801,0.0010799999999999985,13.564431047475832,0.95,0.9183333333333334,25,23,2,0.8200000000000001,0.9666666666666668,0.9666666666666668,0.14666666666666672,0.14666666666666672,0.0,True,mlp,iris,0,1
1,25,0.0080264999999999,0.0001605,0.0078659999999999,98.00037376191365,0.95,0.9183333333333334,3,2,1,0.9666666666666668,0.9666666666666668,0.9666666666666668,0.0,0.0,0.14666666666666672,False,mlp,iris,0,2
2,25,0.0079664999999998,0.0003404999999999,0.0076259999999999,95.72585200527323,0.95,0.9246666666666666,25,3,22,0.8200000000000001,0.9733333333333334,0.9733333333333334,0.15333333333333332,0.15333333333333332,0.0,True,mlp,iris,1,0
3,25,0.007967499999999699,0.0005494999999997999,0.007417999999999899,93.10323187951276,0.95,0.9183333333333334,25,4,21,0.8200000000000001,0.9666666666666668,0.9666666666666668,0.14666666666666672,0.14666666666666672,0.0,True,mlp,iris,1,1
1,25,0.0079629999999998,0.0001605,0.0078024999999998,97.9844279794047,0.95,0.9246666666666666,25,2,23,0.8200000000000001,0.9733333333333334,0.9733333333333334,0.15333333333333332,0.15333333333333332,0.0,True,mlp,iris,1,2
7,25,0.0079774999999997,0.0015749999999997,0.0064025,80.2569727358225,0.95,0.9183333333333334,25,8,17,0.8200000000000001,0.9666666666666668,0.9666666666666668,0.14666666666666672,0.14666666666666672,0.0,True,mlp,iris,2,0
1,25,0.0079784999999997,0.0001605,0.0078179999999997,97.98834367362281,0.95,0.9183333333333334,25,2,23,0.8200000000000001,0.9666666666666668,0.9666666666666668,0.14666666666666672,0.14666666666666672,0.0,True,mlp,iris,2,1
7,25,0.0079574999999998,0.0015689999999998002,0.0063885,80.28275212064293,0.95,0.9246666666666666,25,8,17,0.8200000000000001,0.9733333333333334,0.9733333333333334,0.15333333333333332,0.15333333333333332,0.0,True,mlp,iris,2,2
24,25,0.007966999999999799,0.0076069999999998,0.0003599999999999992,4.518639387473431,0.95,0.9394444444444443,1,1,0,0.9436507936507936,0.9888888888888888,0.9888888888888888,0.04523809523809519,0.04523809523809519,0.0,True,mlp,wine,0,0
24,25,0.0079534999999998,0.0075964999999998,0.0003569999999999997,4.4885899289622015,0.95,0.9394444444444443,1,1,0,0.9436507936507936,0.9888888888888888,0.9888888888888888,0.04523809523809519,0.04523809523809519,0.0,True,mlp,wine,0,1
1,25,0.0079399999999998,0.0001605,0.0077794999999998,97.97858942065486,0.95,0.9394444444444443,1,1,0,0.9436507936507936,0.9888888888888888,0.9888888888888888,0.04523809523809519,0.04523809523809519,0.0,True,mlp,wine,0,2
2,25,0.0079474999999998,0.0003404999999999,0.0076069999999999,95.71563384712289,0.95,0.9394444444444443,1,1,0,0.9436507936507936,0.9888888888888888,0.9888888888888888,0.04523809523809519,0.04523809523809519,0.0,True,mlp,wine,1,0
2,25,0.007963999999999801,0.0003404999999999,0.007623499999999901,95.72451029633464,0.95,0.9394444444444443,1,1,0,0.9436507936507936,0.9888888888888888,0.9888888888888888,0.04523809523809519,0.04523809523809519,0.0,True,mlp,wine,1,1
1,25,0.007965499999999799,0.0001605,0.007804999999999799,97.98506057372413,0.95,0.9394444444444443,1,1,0,0.9436507936507936,0.9888888888888888,0.9888888888888888,0.04523809523809519,0.04523809523809519,0.0,True,mlp,wine,1,2
6,25,0.0079564999999998,0.0012849999999998002,0.0066715,83.84968264940825,0.95,0.9447222222222221,25,7,18,0.9436507936507936,0.9944444444444444,0.9944444444444444,0.050793650793650724,0.050793650793650724,0.0,True,mlp,wine,2,0
1,25,0.0079609999999998,0.0001605,0.0078004999999998,97.98392161788715,0.95,0.9394444444444443,1,1,0,0.9436507936507936,0.9888888888888888,0.9888888888888888,0.04523809523809519,0.04523809523809519,0.0,True,mlp,wine,2,1
25,25,0.008111499999999801,0.008111499999999801,0.0,0.0,0.95,0.9394444444444443,1,1,0,0.9833333333333332,0.9888888888888888,0.9833333333333332,0.0,0.005555555555555647,0.0,True,mlp,wine,2,2
20,25,0.0079354999999998,0.0061414999999998,0.0017940000000000005,22.607271123433254,0.95,0.8992598266790467,25,21,4,0.8931956050758278,0.9465892912411018,0.9465892912411018,0.05339368616527396,0.05339368616527396,0.0,True,mlp,digits,0,0
22,25,0.0079114999999998,0.0068344999999998,0.0010770000000000007,13.61309486191023,0.95,0.8966077065923862,25,23,2,0.8931956050758278,0.9437975858867224,0.9437975858867224,0.05060198081089451,0.05060198081089451,0.0,True,mlp,digits,0,1
6,25,0.007946499999999801,0.0012749999999998,0.006671500000000001,83.95520040269513,0.95,0.8955565614360879,25,7,18,0.8931956050758278,0.9426911173011452,0.9426911173011452,0.04949551222531734,0.04949551222531734,0.0,True,mlp,digits,0,2
4,25,0.0079619999999998,0.0007729999999998,0.007189000000000001,90.29138407435545,0.95,0.8992612968121325,25,5,20,0.8931956050758278,0.9465908387496133,0.9465908387496133,0.0533952336737854,0.0533952336737854,0.0,True,mlp,digits,1,0
6,25,0.0079404999999998,0.0012749999999998,0.0066655,83.943076632456,0.95,0.8950155524605385,25,7,18,0.8931956050758278,0.942121634168988,0.942121634168988,0.04892602909316013,0.04892602909316013,0.0,True,mlp,digits,1,1
1,25,0.0079369999999998,0.0001605,0.0077764999999998,97.97782537482671,0.95,0.9013753481894151,25,2,23,0.8982002476013617,0.948816155988858,0.948816155988858,0.0506159083874963,0.0506159083874963,0.0,True,mlp,digits,1,2
3,25,0.007938999999999799,0.0005399999999998,0.0073989999999999985,93.19813578536575,0.95,0.8992598266790467,25,4,21,0.8931956050758278,0.9465892912411018,0.9465892912411018,0.05339368616527396,0.05339368616527396,0.0,True,mlp,digits,2,0
1,25,0.0079304999999998,0.0001605,0.0077699999999998005,97.97616795914502,0.95,0.8992510058805323,25,2,23,0.8982002476013617,0.946580006190034,0.946580006190034,0.04837975858867227,0.04837975858867227,0.0,True,mlp,digits,2,1
10,25,0.0079364999999998,0.0025409999999998,0.005395499999999999,67.9833679833697,0.95,0.9008402197462085,25,11,14,0.8931956050758278,0.9482528628907458,0.9482528628907458,0.05505725781491799,0.05505725781491799,0.0,True,mlp,digits,2,2
23,25,0.0081169999999998,0.007374999999999799,0.0007420000000000005,9.141308365159773,0.95,0.9316371681415929,1,1,0,0.9754230709517157,0.98067070330694,0.98067070330694,0.0052476323552242965,0.0052476323552242965,0.0,True,mlp,breast,0,0
16,25,0.0081259999999998,0.0047869999999998,0.003339,41.09032734432786,0.95,0.929985250737463,1,1,0,0.9595870206489676,0.97893184288154,0.97893184288154,0.01934482223257239,0.01934482223257239,0.0,True,mlp,breast,0,1
1,25,0.0081264999999996,0.0001605,0.0079659999999996,98.02498000369154,0.95,0.929985250737463,1,1,0,0.9701288619779538,0.97893184288154,0.97893184288154,0.008802980903586222,0.008802980903586222,0.021083682657972558,False,mlp,breast,0,2
2,25,0.0081274999999996,0.0003404999999999,0.0077869999999997,95.81051984005025,0.95,0.9283185840707966,1,1,0,0.9701288619779538,0.977177456916628,0.977177456916628,0.0070485949386742686,0.0070485949386742686,0.021083682657972558,False,mlp,breast,1,0
7,25,0.0081479999999996,0.0015764999999997998,0.0065714999999998,80.65169366715908,0.95,0.929985250737463,1,1,0,0.9701288619779538,0.97893184288154,0.97893184288154,0.008802980903586222,0.008802980903586222,0.010541841328986168,False,mlp,breast,1,1
1,25,0.008148499999999599,0.0001605,0.0079879999999996,98.03031232742214,0.95,0.9316519174041298,1,1,0,0.9701288619779538,0.9806862288464524,0.9806862288464524,0.010557366868498619,0.010557366868498619,0.021083682657972558,False,mlp,breast,1,2
8,25,0.0081514999999996,0.0018929999999997998,0.006258499999999801,76.77728025516907,0.95,0.9316519174041298,1,1,0,0.9701288619779538,0.9806862288464524,0.9806862288464524,0.010557366868498619,0.010557366868498619,0.010541841328986168,False,mlp,breast,2,0
1,25,0.0081429999999996,0.0001605,0.007982499999999601,98.02898194768505,0.95,0.929985250737463,1,1,0,0.9701288619779538,0.97893184288154,0.97893184288154,0.008802980903586222,0.008802980903586222,0.021083682657972558,False,mlp,breast,2,1
3,25,0.008122499999999599,0.0005444999999998,0.0075779999999997984,93.29639889196888,0.95,0.9283185840707966,1,1,0,0.9701288619779538,0.977177456916628,0.977177456916628,0.0070485949386742686,0.0070485949386742686,0.010541841328986168,False,mlp,breast,2,2
24,25,0.0080714999999999,0.0077054999999999,0.000366,4.534473146255399,0.95,-2831.6607424366093,25,25,0,-4302.1375811739845,-2980.695518354326,-2980.695518354326,1321.4420628196585,1321.4420628196585,0.0,True,mlp,diabetes,0,0
25,25,0.0080594999999999,0.0080594999999999,0.0,0.0,0.95,-2784.469084311742,25,25,0,-4302.1375811739845,-2931.020088749202,-4302.1375811739845,0.0,1371.1174924247825,0.0,True,mlp,diabetes,0,1
1,25,0.0080624999999999,0.0001615,0.0079009999999999,97.99689922480617,0.95,-2845.944127765142,25,25,0,-4302.1375811739845,-2995.7306608054128,-2995.7306608054128,1306.4069203685717,1306.4069203685717,0.0,True,mlp,diabetes,0,2
2,25,0.0080699999999999,0.000343,0.007726999999999901,95.74969021065671,0.95,-2876.181560818649,25,25,0,-4302.1375811739845,-3027.559537703841,-3027.559537703841,1274.5780434701433,1274.5780434701433,0.0,True,mlp,diabetes,1,0
2,25,0.008075999999999901,0.000343,0.007732999999999901,95.75284794452695,0.95,-2796.8796404969785,25,25,0,-4302.1375811739845,-2944.083832102083,-2944.083832102083,1358.0537490719016,1358.0537490719016,0.0,True,mlp,diabetes,1,1
1,25,0.008056,0.0001615,0.0078945,97.99528301886792,0.95,-2878.0119057104735,25,25,0,-4302.1375811739845,-3029.4862165373406,-3029.4862165373406,1272.6513646366438,1272.6513646366438,0.0,True,mlp,diabetes,1,2
6,25,0.0080564999999999,0.0012879999999999,0.0067685,84.01290883137943,0.95,-2807.7599889240278,25,25,0,-4302.1375811739845,-2955.536830446345,-2955.536830446345,1346.6007507276395,1346.6007507276395,0.0,True,mlp,diabetes,2,0
1,25,0.0080759999999999,0.0001615,0.007914499999999899,98.00024764735015,0.95,-2788.005805626187,25,25,0,-4302.1375811739845,-2934.742953290723,-2934.742953290723,1367.3946278832614,1367.3946278832614,0.0,True,mlp,diabetes,2,1
3,25,0.0080699999999999,0.000549,0.0075209999999999,93.19702602230474,0.95,-2822.7428837418006,25,25,0,-4302.1375811739845,-2971.30829867558,-2971.30829867558,1330.8292824984046,1330.8292824984046,0.0,True,mlp,diabetes,2,2
25,25,0.0081734999999996,0.0081734999999996,0.0,0.0,0.95,-20.18671697876076,25,25,0,-322.92200222407354,-21.24917576711659,-322.92200222407354,0.0,301.67282645695695,0.0,True,mlp,boston,0,0
16,25,0.0081734999999996,0.0048209999999996,0.0033524999999999996,41.01670031198585,0.95,-19.571166217113674,25,25,0,-322.92200222407354,-20.601227596961763,-20.601227596961763,302.32077462711175,302.32077462711175,0.0,True,mlp,boston,0,1
1,25,0.0081704999999996,0.0001619999999999,0.0080084999999997,98.01725720580248,0.95,-19.783931228986415,25,25,0,-322.92200222407354,-20.825190767354123,-20.825190767354123,302.0968114567194,302.0968114567194,2349.0843150899827,False,mlp,boston,0,2
2,25,0.0081704999999996,0.0003439999999998,0.0078264999999998,95.78973135059279,0.95,-19.567732625544632,25,25,0,-322.92200222407354,-20.597613290046983,-20.597613290046983,302.32438893402656,302.32438893402656,2349.0843151550353,False,mlp,boston,1,0
2,25,0.0081734999999996,0.0003439999999998,0.0078294999999998,95.79127668685611,0.95,-19.67559873110644,25,25,0,-322.92200222407354,-20.71115655905941,-20.71115655905941,302.2108456650141,302.2108456650141,2349.0843151550353,False,mlp,boston,1,1
1,25,0.0081734999999996,0.0001619999999999,0.0080114999999997,98.01798495136835,0.95,-19.17206513863617,25,25,0,-322.92200222407354,-20.18112119856439,-20.18112119856439,302.74088102550917,302.74088102550917,2349.0843150899827,False,mlp,boston,1,2
8,25,0.0081734999999996,0.0019009999999996,0.006272499999999999,76.74190983055371,0.95,-19.431466183423257,25,25,0,-322.92200222407354,-20.45417492991922,-20.45417492991922,302.4678272941543,302.4678272941543,0.0,True,mlp,boston,2,0
1,25,0.0081704999999996,0.0001619999999999,0.0080084999999997,98.01725720580248,0.95,-20.340570771584307,25,25,0,-322.92200222407354,-21.411127127983484,-21.411127127983484,301.51087509609005,301.51087509609005,2349.0843150899827,False,mlp,boston,2,1
8,25,0.0081704999999996,0.0018979999999996,0.0062725,76.77008750994808,0.95,-20.574146116564975,25,25,0,-322.92200222407354,-21.65699591217366,-21.65699591217366,301.26500631189987,301.26500631189987,0.0,True,mlp,boston,2,2
25,25,0.0060279999999998,0.0060279999999998,0.0,0.0,0.95,0.9183333333333334,25,25,0,0.7533333333333333,0.9666666666666668,0.7533333333333333,0.0,0.21333333333333349,0.0,True,adaboost,iris,0,0
24,25,0.0060279999999998,0.0057539999999998,0.00027399999999999994,4.545454545454695,0.95,0.9246666666666666,25,25,0,0.7533333333333333,0.9733333333333334,0.9733333333333334,0.22000000000000008,0.22000000000000008,0.0,True,adaboost,iris,0,1
11,25,0.0060279999999998,0.0021919999999998,0.003836,63.63636363636575,0.95,0.9246666666666666,25,12,13,0.7533333333333333,0.9733333333333334,0.9733333333333334,0.22000000000000008,0.22000000000000008,0.0,True,adaboost,iris,0,2
3,25,0.0060279999999998,0.0004169999999999,0.0056109999999999,93.08228268082425,0.95,0.9120000000000001,25,4,21,0.7533333333333333,0.9600000000000002,0.9600000000000002,0.2066666666666669,0.2066666666666669,0.0,True,adaboost,iris,1,0
2,25,0.0060279999999998,0.0002629999999999,0.0057649999999999,95.63702720637178,0.95,0.9183333333333334,25,3,22,0.7533333333333333,0.9666666666666668,0.9666666666666668,0.21333333333333349,0.21333333333333349,0.0,True,adaboost,iris,1,1
3,25,0.0060279999999998,0.0004169999999999,0.0056109999999999,93.08228268082425,0.95,0.9183333333333334,25,4,21,0.7533333333333333,0.9666666666666668,0.9666666666666668,0.21333333333333349,0.21333333333333349,0.0,True,adaboost,iris,1,2
23,25,0.0060279999999998,0.005479999999999799,0.0005480000000000007,9.090909090909404,0.95,0.9183333333333334,25,24,1,0.7533333333333333,0.9666666666666668,0.9666666666666668,0.21333333333333349,0.21333333333333349,0.0,True,adaboost,iris,2,0
25,25,0.0060279999999998,0.0060279999999998,0.0,0.0,0.95,0.9183333333333334,25,25,0,0.7533333333333333,0.9666666666666668,0.7533333333333333,0.0,0.21333333333333349,0.0,True,adaboost,iris,2,1
4,25,0.0060279999999998,0.0005859999999999,0.0054419999999999,90.27869940278833,0.95,0.9183333333333334,25,5,20,0.7533333333333333,0.9666666666666668,0.9666666666666668,0.21333333333333349,0.21333333333333349,0.0,True,adaboost,iris,2,2
3,25,0.0060279999999998,0.0004169999999999,0.0056109999999999,93.08228268082425,0.95,0.9181825396825396,25,8,17,0.7811111111111111,0.9665079365079364,0.9665079365079364,0.18539682539682534,0.18539682539682534,0.0,True,adaboost,wine,0,0
25,25,0.0060279999999998,0.0060279999999998,0.0,0.0,0.95,0.9023492063492062,25,25,0,0.7811111111111111,0.9498412698412698,0.7811111111111111,0.0,0.16873015873015873,0.0,True,adaboost,wine,0,1
24,25,0.0060279999999998,0.0057539999999998,0.00027399999999999994,4.545454545454695,0.95,0.9023492063492062,25,25,0,0.8763492063492062,0.9498412698412698,0.9498412698412698,0.07349206349206361,0.07349206349206361,0.0,True,adaboost,wine,0,2
1,25,0.0060279999999998,0.0001239999999999,0.0059039999999999,97.9429329794309,0.95,0.8916428571428572,25,7,18,0.8763492063492062,0.9385714285714286,0.9385714285714286,0.0622222222222224,0.0622222222222224,0.0,True,adaboost,wine,1,0
2,25,0.0060279999999998,0.0002629999999999,0.0057649999999999,95.63702720637178,0.95,0.9023492063492062,25,3,22,0.7811111111111111,0.9498412698412698,0.9498412698412698,0.16873015873015873,0.16873015873015873,0.0,True,adaboost,wine,1,1
3,25,0.0060279999999998,0.0004169999999999,0.0056109999999999,93.08228268082425,0.95,0.859674603174603,25,4,21,0.7811111111111111,0.9049206349206348,0.9049206349206348,0.1238095238095237,0.1238095238095237,0.0,True,adaboost,wine,1,2
14,25,0.0060249999999998,0.0030109999999998,0.0030139999999999998,50.02489626556183,0.95,0.9023492063492062,25,15,10,0.7811111111111111,0.9498412698412698,0.9498412698412698,0.16873015873015873,0.16873015873015873,0.0,True,adaboost,wine,2,0
25,25,0.0060699999999998,0.0060699999999998,0.0,0.0,0.95,0.9023492063492062,25,25,0,0.8763492063492062,0.9498412698412698,0.8763492063492062,0.0,0.07349206349206361,0.0,True,adaboost,wine,2,1
14,25,0.0060279999999998,0.0030139999999998,0.003014,50.000000000001656,0.95,0.9181825396825396,25,15,10,0.7811111111111111,0.9665079365079364,0.9665079365079364,0.18539682539682534,0.18539682539682534,0.0,True,adaboost,wine,2,2
2,25,0.0060279999999997,0.0002629999999999,0.005764999999999801,95.63702720637171,0.95,0.9082541008975548,25,3,22,0.8325332714329928,0.9560569483132156,0.9560569483132156,0.12352367688022281,0.12352367688022281,0.0,True,adaboost,digits,0,0
3,25,0.0060369999999997995,0.0004169999999999,0.005619999999999899,93.0925956600975,0.95,0.9029630919220054,25,4,21,0.8325332714329928,0.9504874651810584,0.9504874651810584,0.1179541937480656,0.1179541937480656,0.0,True,adaboost,digits,0,1
1,25,0.0060279999999998,0.0001239999999999,0.0059039999999999,97.9429329794309,0.95,0.9008534509439802,25,2,23,0.831976168368926,0.9482667904673476,0.9482667904673476,0.11629062209842167,0.11629062209842167,0.0,True,adaboost,digits,0,2
1,25,0.0060279999999997,0.0001239999999999,0.0059039999999998,97.94293297943089,0.95,0.9061341689879295,25,2,23,0.8325332714329928,0.9538254410399258,0.9538254410399258,0.12129216960693301,0.12129216960693301,0.0,True,adaboost,digits,1,0
4,25,0.0060279999999997,0.0005889999999998,0.0054389999999999005,90.22893165229215,0.95,0.9077204425874342,25,5,20,0.8325332714329928,0.955495202723615,0.955495202723615,0.12296193129062216,0.12296193129062216,0.0,True,adaboost,digits,1,1
2,25,0.0060279999999998,0.0002629999999999,0.0057649999999999,95.63702720637178,0.95,0.9066678272980501,25,3,22,0.831976168368926,0.9543871866295264,0.9543871866295264,0.12241101826060041,0.12241101826060041,0.0,True,adaboost,digits,1,2
1,25,0.0060309999999998,0.0001239999999999,0.0059069999999999,97.9439562261664,0.95,0.908780408542247,25,3,22,0.831976168368926,0.95661095636026,0.95661095636026,0.12463478799133398,0.12463478799133398,0.0,True,adaboost,digits,2,0
14,25,0.0060309999999998,0.0030169999999998,0.0030140000000000006,49.975128502737526,0.95,0.9056122717424944,25,15,10,0.831976168368926,0.9532760755184152,0.9532760755184152,0.12129990714948924,0.12129990714948924,0.0,True,adaboost,digits,2,1
9,25,0.0060279999999998,0.0016589999999998002,0.004369,72.47843397478674,0.95,0.904550835654596,25,10,15,0.831976168368926,0.952158774373259,0.952158774373259,0.12018260600433306,0.12018260600433306,0.0,True,adaboost,digits,2,2
4,25,0.0060249999999998,0.0005859999999999,0.0054389999999999,90.27385892116315,0.95,0.9316371681415926,1,1,0,0.9349945660611706,0.9806707033069396,0.9806707033069396,0.04567613724576902,0.04567613724576902,0.0,True,adaboost,breast,0,0
6,25,0.0060249999999998,0.0009689999999998,0.005056,83.91701244813557,0.95,0.9333038348082594,1,1,0,0.9349945660611706,0.982425089271852,0.982425089271852,0.04743052321068142,0.04743052321068142,0.0,True,adaboost,breast,0,1
1,25,0.0060249999999998,0.0001239999999999,0.005900999999999899,97.94190871369454,0.95,0.9316519174041298,1,1,0,0.9349945660611706,0.9806862288464524,0.9806862288464524,0.045691662785281806,0.045691662785281806,0.0,True,adaboost,breast,0,2
7,25,0.0060279999999998,0.0011859999999998,0.004842,80.32514930325416,0.95,0.9299705014749263,1,1,0,0.9349945660611706,0.9789163173420278,0.9789163173420278,0.04392175128085718,0.04392175128085718,0.0,True,adaboost,breast,1,0
2,25,0.0060279999999998,0.0002629999999999,0.0057649999999999,95.63702720637178,0.95,0.9283038348082596,1,1,0,0.9349945660611706,0.9771619313771154,0.9771619313771154,0.04216736531594478,0.04216736531594478,0.0,True,adaboost,breast,1,1
2,25,0.0060279999999998,0.0002629999999999,0.0057649999999999,95.63702720637178,0.95,0.9316519174041298,1,1,0,0.9349945660611706,0.9806862288464524,0.9806862288464524,0.045691662785281806,0.045691662785281806,0.0,True,adaboost,breast,1,2
14,25,0.0060354999999997,0.0030214999999997,0.0030139999999999998,49.93786761660426,0.95,0.9316371681415929,1,1,0,0.9349945660611706,0.98067070330694,0.98067070330694,0.045676137245769355,0.045676137245769355,0.0,True,adaboost,breast,2,0
4,25,0.0060339999999998,0.0005859999999999,0.0054479999999999,90.2883659264183,0.95,0.9316371681415929,1,1,0,0.9349945660611706,0.98067070330694,0.98067070330694,0.045676137245769355,0.045676137245769355,0.0,True,adaboost,breast,2,1
8,25,0.0060279999999998,0.0014149999999998,0.004613,76.52621101526465,0.95,0.9333185840707965,1,1,0,0.9349945660611706,0.9824406148113648,0.9824406148113648,0.0474460487501942,0.0474460487501942,0.0,True,adaboost,breast,2,2
10,25,0.0061474999999999,0.0019474999999998998,0.0042,68.32045546970424,0.95,-3113.514917650327,25,25,0,-4368.987037916213,-3277.3841238424493,-3277.3841238424493,1091.6029140737637,1091.6029140737637,0.0,True,adaboost,diabetes,0,0
12,25,0.0061474999999999,0.0025074999999998996,0.00364,59.21106140707701,0.95,-3076.848423179235,25,25,0,-4368.987037916213,-3238.787813872879,-3238.787813872879,1130.1992240433342,1130.1992240433342,0.0,True,adaboost,diabetes,0,1
1,25,0.0061474999999999,0.000125,0.0060224999999998995,97.9666531110207,0.95,-3066.3486341541056,25,25,0,-4368.987037916213,-3227.735404372743,-3227.735404372743,1141.2516335434702,1141.2516335434702,0.0,True,adaboost,diabetes,0,2
19,25,0.0061474999999999,0.0044674999999998995,0.00168,27.3281821878817,0.95,-3077.9399491364456,25,25,0,-4368.987037916213,-3239.93678856468,-3239.93678856468,1129.0502493515332,1129.0502493515332,0.0,True,adaboost,diabetes,1,0
2,25,0.0061474999999999,0.0002655,0.0058819999999998995,95.68117120780798,0.95,-3101.8831438026536,25,25,0,-4368.987037916213,-3265.1401513712144,-3265.1401513712144,1103.8468865449986,1103.8468865449986,0.0,True,adaboost,diabetes,1,1
7,25,0.0061474999999999,0.0012004999999998998,0.004947,80.47173647824451,0.95,-3157.058239251685,25,25,0,-4368.987037916213,-3323.2191992123,-3323.2191992123,1045.7678387039132,1045.7678387039132,0.0,True,adaboost,diabetes,1,2
19,25,0.0061474999999999,0.0044674999999998995,0.00168,27.3281821878817,0.95,-3106.481631808536,25,25,0,-4368.987037916213,-3269.980665061617,-3269.980665061617,1099.006372854596,1099.006372854596,0.0,True,adaboost,diabetes,2,0
24,25,0.0061474999999999,0.0058674999999999,0.00027999999999999987,4.554697031313614,0.95,-3058.4460401584047,25,25,0,-4368.987037916213,-3219.416884377268,-3219.416884377268,1149.5701535389449,1149.5701535389449,0.0,True,adaboost,diabetes,2,1
11,25,0.0061474999999999,0.0022274999999998997,0.00392,63.765758438390634,0.95,-3116.883285700153,25,25,0,-4368.987037916213,-3280.929774421214,-3280.929774421214,1088.057263494999,1088.057263494999,0.0,True,adaboost,diabetes,2,2
16,25,0.0060624999999999,0.0035829999999999,0.0024794999999999995,40.89896907216562,0.95,-19.53177765067542,25,25,0,-21.79716239929005,-20.55976594807939,-20.55976594807939,1.2373964512106568,1.2373964512106568,0.0,True,adaboost,boston,0,0
3,25,0.0060624999999999,0.00042149999999989993,0.005640999999999999,93.0474226804139,0.95,-18.8749582435506,25,25,0,-21.79716239929005,-19.86837709847432,-19.86837709847432,1.9287853008157292,1.9287853008157292,0.0,True,adaboost,boston,0,1
6,25,0.0060624999999999,0.0009779999999999,0.0050845,83.86804123711478,0.95,-19.727956718629805,25,25,0,-21.79716239929005,-20.766270230136637,-20.766270230136637,1.030892169153411,1.030892169153411,0.0,True,adaboost,boston,0,2
1,25,0.0060624999999999,0.0001255,0.0059369999999999,97.92989690721647,0.95,-19.043783112293795,25,25,0,-21.79716239929005,-20.046087486625048,-20.046087486625048,1.7510749126650005,1.7510749126650005,0.0,True,adaboost,boston,1,0
2,25,0.0060624999999999,0.00026599999999999996,0.0057964999999999,95.61237113402055,0.95,-20.249851016118296,25,25,0,-21.79716239929005,-21.315632648545574,-21.315632648545574,0.4815297507444747,0.4815297507444747,0.0,True,adaboost,boston,1,1
10,25,0.0060624999999999,0.0019299999999999001,0.004132499999999999,68.16494845360936,0.95,-19.60822459134623,25,25,0,-21.79716239929005,-20.6402364119434,-20.6402364119434,1.15692598734665,1.15692598734665,0.0,True,adaboost,boston,1,2
1,25,0.0060624999999999,0.0001255,0.0059369999999999,97.92989690721647,0.95,-19.369225961836207,25,25,0,-21.79716239929005,-20.38865890719601,-20.38865890719601,1.408503492094038,1.408503492094038,0.0,True,adaboost,boston,2,0
21,25,0.0060624999999999,0.004960499999999899,0.0011020000000000005,18.177319587629174,0.95,-19.607107763128376,25,25,0,-21.79716239929005,-20.639060803293027,-20.639060803293027,1.158101595997021,1.158101595997021,0.0,True,adaboost,boston,2,1
19,25,0.0060624999999999,0.0044094999999999,0.001653,27.265979381443753,0.95,-19.067337441418935,25,25,0,-21.79716239929005,-20.07088151728309,-20.07088151728309,1.7262808820069573,1.7262808820069573,0.0,True,adaboost,boston,2,2
